Channel_Id,Channel_Name,Channel_Category
UCli7mxfNrS0BBtlo5DwCt8Q,Canal2 International,News & Politics
UCps1bAL4uyqH0W_pPynNQAA,BALAFON TV,News & Politics
UCknX1xTALNDYgMhk6ny4_Ag,CRTV Web,News & Politics
UC-o7gii6FFcFH5PPkP29dOQ,DBS tv,News & Politics
UCXriNfPc0bkHIp0G9YTwYEw,EQUINOXE TV,News & Politics
UC-uBXyy_hbSMvF38s7Tebrw,Info tv,News & Politics
UCTyB2xTJVDgjX_QetdLBTcQ,JMTV+,News & Politics
UCHXbJKT0YHKaURrcb1ZdpWA,LTM,News & Politics
UCYbLWLtL6BOJawIyWyVZqcA,CAM10 TV,News & Politics
UCs2F-OiqQGEIsrrtx98QbbQ,STV1,News & Politics
UCRCOd8vNYh3CNWn1SiiNo1g,SUN TV,News & Politics
UCsn8TRCZtOQxfMlQKgH0biw,VISION 4,News & Politics
UCV0im9EJeCbZMyIgN7YLzrQ,NAJA TV,News & Politics
UCw2mdcCe8K69Je7wygkAxAQ, LightTV Cameroun,News & Politics
UCn4PikW80I8PNBQvk618iig,Journal du Cameroun TV,News & Politics
UCrDlgYyBGOjbMrbuNqxjeOg,Bnews1,News & Politics
UCPHJTj5oXM_LiAsJA1TbbKQ,BT Media Group,News & Politics
UCcEkI-A0A4Hb2K54EcvzzlA,Général Valsero,Activism
UCyMd2D_gsEV4oB8kWSPS31Q,J. REMY NGONO,Activism
UCXa9as4rinVvnj8okx6GeeQ,Fingon Tralala Officiel,Comedy
UCtpYLaj7tZd4huXsJP76OHQ,FRANCO LE MIGNON,Entertainment
UCTFI8m8m2Gne8wZau37mEfg,TIK DENGUE,Comedy
UCCFtF4jXT30Pjy765IK0dUA,Steve FAH officiel,Comedy
UCxr4e0r5vGOVJ_O7Ccw4wrw,Claudel Noubissi-StartUp Academy,Howto & Style
UCM0VdMBTUludNpBnKqS0oxg,loïc KAMWA,Howto & Style
UCyghRx7Fe4FyibaAnmfOG6w,Alex TCHAMI,Entertainment
UCFDHMlgc3Vy2QEpLGJ2sNnA,Baronne Swiss Officiel,Entertainment
UCBjZfJ60rpmMlGWtDs58DVA,Orimo TV,Film & Animation
UCXgH8b-OtytfZ3vLQom6OXQ,WOURI TV - News and Movies,Film & Animation
UCShh4tS1djp3B5xm4ARBUBQ,Kamoise TV,Entertainment
UCNrMJKxSnBqg0RkwNpHqpQg,Le War Man,Entertainment
UCiGVtDaDQfu5Xf7vS1xzcng,buzz pro max tv,Entertainment
UC4LpTF_Hus0j98ZrzQy35xw,Reine2sabaa,Entertainment
UC_55PlyJY1QQ4dwLgWdIaHA,Max Senior Officiel,Activism
UCK367K2E_MNaIR6Ui6kYUdA,BRIGADE DES BUZZ,Entertainment
UCFd3pKkg0XoKSsgPeipZSJA,Ulrich Takam Officiel,Comedy
UCTtfeuxQeuC5h7YNnKfrNHA,Porkam officiel,Entertainment
UCO7sBqWZB3MpzLc75Agx3Cw,Muriel Blanche,People & Blogs
UCshncHwxuSccAaCm_T-NvBQ,MC PRODUCTION,Comedy
UCFiqLsxCn7xd4PX1cC8dUfw,Valery Ndongo,Comedy
UC_BzC39-iQjdyDyWzZO215Q,Edoudoua TV,Comedy
UCS3GXf84OnwDtRCleNl57wg,AKEZOU TV,Entertainment
UC-Eqn2vil-cl04GsSBSqJnw,Je vote Cabral,Activism
UCnzgSuOmn0_FOKo0MWEYg4A,Les Potins Camerounais,Activism
UCIL4gIzNqw0ZnCoAXVferjA,LES RIGOLARDS de Mbalmayo,Comedy
UC20FDhjtkxFmiFS0IFapSGQ,Man Neuh,Comedy
UCtrGBNREZLmxTCBTem4i7wA,Cameroun Afrique Japap,Entertainment
UCDtREEBTGUKNCchqRLwyPgA,Celeste Victorien Officiel fans,Entertainment
UCoAUIWeEHqMP5vp0kxFOTYA,Mouton Mouton Officiel,Entertainment
UCKNqy9ogtjWfn6ZAgSyQV3A,Jocelyn Binwi TV,Entertainment
UC_Cya3lRb12QFvAzbGdqdgw,Kati-Culture,Entertainment
UCFgkbyedN13La1g3MxYs02w,KRYS Maestro,Entertainment
UC77X02Ly_IaDW2DzsO_QtxQ,Victorine Bih Takwe,Travel & Events
UCiLGqjpCHDh2PjcmVDCn0hQ,Fritz Misodi-Political Lab Talk show,Activism
UCsQNXef3FmYMmw4ypMokZDw,EDBASS ENTERTAINMENT,Film & Animation
UCWPTUoYLAp_64x2w-0JZEcQ,SYNDY EMADE TV,Film & Animation
UCAFVqweTJky-2kv85DiLDaQ,Moustik Karismatik,Comedy
UCy5RkD0TDvDMwDtQNBs3tpQ,BANTU MEDIA AUTHENTIQUE,Activism
UCgiQgPcpWAJd4NbLtbPhKLQ,Rosine Officiel Tv,Film & Animation
UCdLFfbaP_-pIgr_dGmne1-A,Kocee,Music
UC6I-cBR59M9vAZ0enigz37Q,Stanley Enow,Music
UCe70msycxj_htjwvDVx-EVQ,Lady Ponce,Music
UCat6V_NP3w_cFCnmqJeJ7Qg,MAAHLOX officiel,Music
UCAMbLD3Ep0WJyq6CBrlxkXA,Salatiel,Music
UCf6MW8B1Ln67ICAbZQqGysQ,Georges Seba Officiel,Music
UCxmA-87kTlpcPpev1Y1BPwA,Mekena Gospel,Music
UCh5ez2MG5BzjL_xsEwk_APg,Le Goût Local,Howto & Style
UCnZs0GpsMtzKkiqLKfOMJew,Lydol,Music
UCMtRQRfZ0sL7Yqu0gzgbC1g,Trajet Cameroun,Travel & Events
UCTTfSKXGb1bw-HMAe-TbMeg,Film & Animation
UC7-p6qoqE9FW3ZZS3u1MEdg,Le A1 Tv,Entertainment
UCoZ5Qb1bf08pGgrAHg_PbBg,The Influencers Channel,Entertainment
UCGGEJpZYywlFbunNeZzD6jQ,Médiatude,News & Politics
UC8PAuf3jjjxCTd4OKbUAOqw,Le Continent Vous Parle,Entertainment
UCqq8Q4qtaSkA1Lclf-xx8vg,ledroitau237,Howto & Style
UCiyId0ETZAPrPOkep-t03eg,Franck CASA,People & Blogs
UCRo1zdRiI1mWahlcu62zPiA,Rie's World,Travel & Events






